{
  "daily-notes": [
    {
      "modifiers": [
        "Mod"
      ],
      "key": " "
    }
  ],
  "global-search:open": [
    {
      "modifiers": [
        "Mod"
      ],
      "key": "f"
    }
  ],
  "editor:open-search": [
    {
      "modifiers": [
        "Mod",
        "Shift"
      ],
      "key": "F"
    }
  ],
  "app:toggle-left-sidebar": [
    {
      "modifiers": [
        "Mod"
      ],
      "key": "ArrowLeft"
    }
  ],
  "app:toggle-right-sidebar": [
    {
      "modifiers": [
        "Mod"
      ],
      "key": "ArrowRight"
    }
  ],
  "darlal-switcher-plus:switcher-plus:open": [
    {
      "modifiers": [
        "Mod"
      ],
      "key": "o"
    }
  ],
  "nldates-obsidian:nlp-today": [
    {
      "modifiers": [
        "Mod"
      ],
      "key": "T"
    }
  ],
  "nldates-obsidian:nlp-dates-link": [],
  "nldates-obsidian:nlp-dates": [
    {
      "modifiers": [
        "Mod"
      ],
      "key": "Y"
    }
  ],
  "editor:toggle-highlight": [
    {
      "modifiers": [
        "Mod"
      ],
      "key": "0"
    }
  ],
  "nldates-obsidian:nlp-date-clean": [
    {
      "modifiers": [
        "Mod"
      ],
      "key": "U"
    }
  ],
  "obsidian-file-path-to-uri:paste-file-path-as-file-uri": [
    {
      "modifiers": [
        "Mod",
        "Shift"
      ],
      "key": "V"
    }
  ],
  "obsidian-hotkeys-for-templates:New case template.md": [],
  "templater-obsidian:Templates/New case template.md": [],
  "obsidian-another-quick-switcher:recent-search": [
    {
      "modifiers": [
        "Mod"
      ],
      "key": "O"
    }
  ],
  "switcher:open": [],
  "obsidian-hotkeys-for-specific-files:Dashboard.md": [
    {
      "modifiers": [
        "Mod"
      ],
      "key": "D"
    }
  ],
  "homepage:open-homepage": [
    {
      "modifiers": [
        "Mod"
      ],
      "key": "D"
    }
  ],
  "templater-obsidian:Templates/New CRM template.md": [],
  "quickadd:choice:e037f3cf-ba9b-4aa8-8582-6ce32db6f1b4": [
    {
      "modifiers": [
        "Mod"
      ],
      "key": "R"
    }
  ],
  "file-explorer:move-file": [
    {
      "modifiers": [
        "Mod"
      ],
      "key": "="
    }
  ],
  "quickadd:choice:2072f117-8525-4c35-b424-fc432ca12a86": [
    {
      "modifiers": [
        "Mod"
      ],
      "key": "`"
    }
  ],
  "quickadd:choice:74f7ab8f-c5d0-4a62-aec6-425582950f02": [
    {
      "modifiers": [
        "Mod"
      ],
      "key": "-"
    }
  ],
  "quickadd:choice:a0a25434-171c-4722-bfd8-fbda5f2b440d": [
    {
      "modifiers": [
        "Mod"
      ],
      "key": "M"
    }
  ],
  "templater-obsidian:Templates/Daily note template.md": []
}